{
  "audio_source": "data/raw/fire_alarm/synth_alarm_015.wav",
  "duration_sec": 7.29,
  "total_frames": 13,
  "alerts_count": 11,
  "avg_latency_ms": 43.44,
  "memory_kb": 48.3,
  "results": [
    {
      "frame_id": 0,
      "timestamp_ms": 0,
      "raw_probs": [
        0.99609375,
        0.0,
        0.0,
        0.0,
        0.0,
        0.0
      ],
      "smoothed_probs": [
        0.44314236111111116,
        0.1111111111111111,
        0.1111111111111111,
        0.1111111111111111,
        0.1111111111111111,
        0.1111111111111111
      ],
      "predicted_class": "fire_alarm",
      "confidence": 0.44314236111111116,
      "threshold": 0.75,
      "alert_triggered": false,
      "latency_host_ms": 38.82,
      "latency_esp32_est_ms": 310.53,
      "led_state": "\u001b[91m\u2588\u2588\u2588\u2588\u2588 RED",
      "vibro_state": "\u2593\u2593\u2593\u2593\u2593 (5 pulses \u2014 CRITICAL)"
    },
    {
      "frame_id": 1,
      "timestamp_ms": 500,
      "raw_probs": [
        0.99609375,
        0.0,
        0.0,
        0.0,
        0.0,
        0.0
      ],
      "smoothed_probs": [
        0.7196180555555555,
        0.05555555555555555,
        0.05555555555555555,
        0.05555555555555555,
        0.05555555555555555,
        0.05555555555555555
      ],
      "predicted_class": "fire_alarm",
      "confidence": 0.7196180555555555,
      "threshold": 0.75,
      "alert_triggered": false,
      "latency_host_ms": 10.63,
      "latency_esp32_est_ms": 85.03,
      "led_state": "\u001b[91m\u2588\u2588\u2588\u2588\u2588 RED",
      "vibro_state": "\u2593\u2593\u2593\u2593\u2593 (5 pulses \u2014 CRITICAL)"
    },
    {
      "frame_id": 2,
      "timestamp_ms": 1000,
      "raw_probs": [
        0.99609375,
        0.0,
        0.0,
        0.0,
        0.0,
        0.0
      ],
      "smoothed_probs": [
        0.99609375,
        0.0,
        0.0,
        0.0,
        0.0,
        0.0
      ],
      "predicted_class": "fire_alarm",
      "confidence": 0.99609375,
      "threshold": 0.75,
      "alert_triggered": true,
      "latency_host_ms": 2.56,
      "latency_esp32_est_ms": 20.46,
      "led_state": "\u001b[91m\u2588\u2588\u2588\u2588\u2588 RED",
      "vibro_state": "\u2593\u2593\u2593\u2593\u2593 (5 pulses \u2014 CRITICAL)"
    },
    {
      "frame_id": 3,
      "timestamp_ms": 1500,
      "raw_probs": [
        0.99609375,
        0.0,
        0.0,
        0.0,
        0.0,
        0.0
      ],
      "smoothed_probs": [
        0.99609375,
        0.0,
        0.0,
        0.0,
        0.0,
        0.0
      ],
      "predicted_class": "fire_alarm",
      "confidence": 0.99609375,
      "threshold": 0.75,
      "alert_triggered": true,
      "latency_host_ms": 1.22,
      "latency_esp32_est_ms": 9.73,
      "led_state": "\u001b[91m\u2588\u2588\u2588\u2588\u2588 RED",
      "vibro_state": "\u2593\u2593\u2593\u2593\u2593 (5 pulses \u2014 CRITICAL)"
    },
    {
      "frame_id": 4,
      "timestamp_ms": 2000,
      "raw_probs": [
        0.99609375,
        0.0,
        0.0,
        0.0,
        0.0,
        0.0
      ],
      "smoothed_probs": [
        0.99609375,
        0.0,
        0.0,
        0.0,
        0.0,
        0.0
      ],
      "predicted_class": "fire_alarm",
      "confidence": 0.99609375,
      "threshold": 0.75,
      "alert_triggered": true,
      "latency_host_ms": 1.09,
      "latency_esp32_est_ms": 8.7,
      "led_state": "\u001b[91m\u2588\u2588\u2588\u2588\u2588 RED",
      "vibro_state": "\u2593\u2593\u2593\u2593\u2593 (5 pulses \u2014 CRITICAL)"
    },
    {
      "frame_id": 5,
      "timestamp_ms": 2500,
      "raw_probs": [
        0.99609375,
        0.0,
        0.0,
        0.0,
        0.0,
        0.0
      ],
      "smoothed_probs": [
        0.99609375,
        0.0,
        0.0,
        0.0,
        0.0,
        0.0
      ],
      "predicted_class": "fire_alarm",
      "confidence": 0.99609375,
      "threshold": 0.75,
      "alert_triggered": true,
      "latency_host_ms": 1.05,
      "latency_esp32_est_ms": 8.42,
      "led_state": "\u001b[91m\u2588\u2588\u2588\u2588\u2588 RED",
      "vibro_state": "\u2593\u2593\u2593\u2593\u2593 (5 pulses \u2014 CRITICAL)"
    },
    {
      "frame_id": 6,
      "timestamp_ms": 3000,
      "raw_probs": [
        0.99609375,
        0.0,
        0.0,
        0.0,
        0.0,
        0.0
      ],
      "smoothed_probs": [
        0.99609375,
        0.0,
        0.0,
        0.0,
        0.0,
        0.0
      ],
      "predicted_class": "fire_alarm",
      "confidence": 0.99609375,
      "threshold": 0.75,
      "alert_triggered": true,
      "latency_host_ms": 1.04,
      "latency_esp32_est_ms": 8.35,
      "led_state": "\u001b[91m\u2588\u2588\u2588\u2588\u2588 RED",
      "vibro_state": "\u2593\u2593\u2593\u2593\u2593 (5 pulses \u2014 CRITICAL)"
    },
    {
      "frame_id": 7,
      "timestamp_ms": 3500,
      "raw_probs": [
        0.99609375,
        0.0,
        0.0,
        0.0,
        0.0,
        0.0
      ],
      "smoothed_probs": [
        0.99609375,
        0.0,
        0.0,
        0.0,
        0.0,
        0.0
      ],
      "predicted_class": "fire_alarm",
      "confidence": 0.99609375,
      "threshold": 0.75,
      "alert_triggered": true,
      "latency_host_ms": 1.1,
      "latency_esp32_est_ms": 8.82,
      "led_state": "\u001b[91m\u2588\u2588\u2588\u2588\u2588 RED",
      "vibro_state": "\u2593\u2593\u2593\u2593\u2593 (5 pulses \u2014 CRITICAL)"
    },
    {
      "frame_id": 8,
      "timestamp_ms": 4000,
      "raw_probs": [
        0.99609375,
        0.0,
        0.0,
        0.0,
        0.0,
        0.0
      ],
      "smoothed_probs": [
        0.99609375,
        0.0,
        0.0,
        0.0,
        0.0,
        0.0
      ],
      "predicted_class": "fire_alarm",
      "confidence": 0.99609375,
      "threshold": 0.75,
      "alert_triggered": true,
      "latency_host_ms": 2.69,
      "latency_esp32_est_ms": 21.48,
      "led_state": "\u001b[91m\u2588\u2588\u2588\u2588\u2588 RED",
      "vibro_state": "\u2593\u2593\u2593\u2593\u2593 (5 pulses \u2014 CRITICAL)"
    },
    {
      "frame_id": 9,
      "timestamp_ms": 4500,
      "raw_probs": [
        0.99609375,
        0.0,
        0.0,
        0.0,
        0.0,
        0.0
      ],
      "smoothed_probs": [
        0.99609375,
        0.0,
        0.0,
        0.0,
        0.0,
        0.0
      ],
      "predicted_class": "fire_alarm",
      "confidence": 0.99609375,
      "threshold": 0.75,
      "alert_triggered": true,
      "latency_host_ms": 1.82,
      "latency_esp32_est_ms": 14.54,
      "led_state": "\u001b[91m\u2588\u2588\u2588\u2588\u2588 RED",
      "vibro_state": "\u2593\u2593\u2593\u2593\u2593 (5 pulses \u2014 CRITICAL)"
    },
    {
      "frame_id": 10,
      "timestamp_ms": 5000,
      "raw_probs": [
        0.99609375,
        0.0,
        0.0,
        0.0,
        0.0,
        0.0
      ],
      "smoothed_probs": [
        0.99609375,
        0.0,
        0.0,
        0.0,
        0.0,
        0.0
      ],
      "predicted_class": "fire_alarm",
      "confidence": 0.99609375,
      "threshold": 0.75,
      "alert_triggered": true,
      "latency_host_ms": 4.35,
      "latency_esp32_est_ms": 34.77,
      "led_state": "\u001b[91m\u2588\u2588\u2588\u2588\u2588 RED",
      "vibro_state": "\u2593\u2593\u2593\u2593\u2593 (5 pulses \u2014 CRITICAL)"
    },
    {
      "frame_id": 11,
      "timestamp_ms": 5500,
      "raw_probs": [
        0.99609375,
        0.0,
        0.0,
        0.0,
        0.0,
        0.0
      ],
      "smoothed_probs": [
        0.99609375,
        0.0,
        0.0,
        0.0,
        0.0,
        0.0
      ],
      "predicted_class": "fire_alarm",
      "confidence": 0.99609375,
      "threshold": 0.75,
      "alert_triggered": true,
      "latency_host_ms": 2.34,
      "latency_esp32_est_ms": 18.71,
      "led_state": "\u001b[91m\u2588\u2588\u2588\u2588\u2588 RED",