{
  "audio_source": "data/raw/baby_cry/synth_cry_023.wav",
  "duration_sec": 7.28,
  "total_frames": 13,
  "alerts_count": 11,
  "avg_latency_ms": 17.81,
  "memory_kb": 48.3,
  "results": [
    {
      "frame_id": 0,
      "timestamp_ms": 0,
      "raw_probs": [
        0.0,
        0.99609375,
        0.0,
        0.0,
        0.0,
        0.0
      ],
      "smoothed_probs": [
        0.1111111111111111,
        0.44314236111111116,
        0.1111111111111111,
        0.1111111111111111,
        0.1111111111111111,
        0.1111111111111111
      ],
      "predicted_class": "baby_cry",
      "confidence": 0.44314236111111116,
      "threshold": 0.8,
      "alert_triggered": false,
      "latency_host_ms": 1.67,
      "latency_esp32_est_ms": 13.32,
      "led_state": "\u001b[93m\u2588\u2588\u2588\u2588\u2588 ORANGE",
      "vibro_state": "\u2593\u2593\u2593 (3 pulses)"
    },
    {
      "frame_id": 1,
      "timestamp_ms": 500,
      "raw_probs": [
        0.0,
        0.99609375,
        0.0,
        0.0,
        0.0,
        0.0
      ],
      "smoothed_probs": [
        0.05555555555555555,
        0.7196180555555555,
        0.05555555555555555,
        0.05555555555555555,
        0.05555555555555555,
        0.05555555555555555
      ],
      "predicted_class": "baby_cry",
      "confidence": 0.7196180555555555,
      "threshold": 0.8,
      "alert_triggered": false,
      "latency_host_ms": 2.51,
      "latency_esp32_est_ms": 20.07,
      "led_state": "\u001b[93m\u2588\u2588\u2588\u2588\u2588 ORANGE",
      "vibro_state": "\u2593\u2593\u2593 (3 pulses)"
    },
    {
      "frame_id": 2,
      "timestamp_ms": 1000,
      "raw_probs": [
        0.0,
        0.99609375,
        0.0,
        0.0,
        0.0,
        0.0
      ],
      "smoothed_probs": [
        0.0,
        0.99609375,
        0.0,
        0.0,
        0.0,
        0.0
      ],
      "predicted_class": "baby_cry",
      "confidence": 0.99609375,
      "threshold": 0.8,
      "alert_triggered": true,
      "latency_host_ms": 6.31,
      "latency_esp32_est_ms": 50.49,
      "led_state": "\u001b[93m\u2588\u2588\u2588\u2588\u2588 ORANGE",
      "vibro_state": "\u2593\u2593\u2593 (3 pulses)"
    },
    {
      "frame_id": 3,
      "timestamp_ms": 1500,
      "raw_probs": [
        0.0,
        0.99609375,
        0.0,
        0.0,
        0.0,
        0.0
      ],
      "smoothed_probs": [
        0.0,
        0.99609375,
        0.0,
        0.0,
        0.0,
        0.0
      ],
      "predicted_class": "baby_cry",
      "confidence": 0.99609375,
      "threshold": 0.8,
      "alert_triggered": true,
      "latency_host_ms": 1.94,
      "latency_esp32_est_ms": 15.55,
      "led_state": "\u001b[93m\u2588\u2588\u2588\u2588\u2588 ORANGE",
      "vibro_state": "\u2593\u2593\u2593 (3 pulses)"
    },
    {
      "frame_id": 4,
      "timestamp_ms": 2000,
      "raw_probs": [
        0.0,
        0.99609375,
        0.0,
        0.0,
        0.0,
        0.0
      ],
      "smoothed_probs": [
        0.0,
        0.99609375,
        0.0,
        0.0,
        0.0,
        0.0
      ],
      "predicted_class": "baby_cry",
      "confidence": 0.99609375,
      "threshold": 0.8,
      "alert_triggered": true,
      "latency_host_ms": 1.2,
      "latency_esp32_est_ms": 9.61,
      "led_state": "\u001b[93m\u2588\u2588\u2588\u2588\u2588 ORANGE",
      "vibro_state": "\u2593\u2593\u2593 (3 pulses)"
    },
    {
      "frame_id": 5,
      "timestamp_ms": 2500,
      "raw_probs": [
        0.0,
        0.99609375,
        0.0,
        0.0,
        0.0,
        0.0
      ],
      "smoothed_probs": [
        0.0,
        0.99609375,
        0.0,
        0.0,
        0.0,
        0.0
      ],
      "predicted_class": "baby_cry",
      "confidence": 0.99609375,
      "threshold": 0.8,
      "alert_triggered": true,
      "latency_host_ms": 1.64,
      "latency_esp32_est_ms": 13.11,
      "led_state": "\u001b[93m\u2588\u2588\u2588\u2588\u2588 ORANGE",
      "vibro_state": "\u2593\u2593\u2593 (3 pulses)"
    },
    {
      "frame_id": 6,
      "timestamp_ms": 3000,
      "raw_probs": [
        0.0,
        0.99609375,
        0.0,
        0.0,
        0.0,
        0.0
      ],
      "smoothed_probs": [
        0.0,
        0.99609375,
        0.0,
        0.0,
        0.0,
        0.0
      ],
      "predicted_class": "baby_cry",
      "confidence": 0.99609375,
      "threshold": 0.8,
      "alert_triggered": true,
      "latency_host_ms": 1.58,
      "latency_esp32_est_ms": 12.63,
      "led_state": "\u001b[93m\u2588\u2588\u2588\u2588\u2588 ORANGE",
      "vibro_state": "\u2593\u2593\u2593 (3 pulses)"
    },
    {
      "frame_id": 7,
      "timestamp_ms": 3500,
      "raw_probs": [
        0.0,
        0.99609375,
        0.0,
        0.0,
        0.0,
        0.0
      ],
      "smoothed_probs": [
        0.0,
        0.99609375,
        0.0,
        0.0,
        0.0,
        0.0
      ],
      "predicted_class": "baby_cry",
      "confidence": 0.99609375,
      "threshold": 0.8,
      "alert_triggered": true,
      "latency_host_ms": 1.74,
      "latency_esp32_est_ms": 13.93,
      "led_state": "\u001b[93m\u2588\u2588\u2588\u2588\u2588 ORANGE",
      "vibro_state": "\u2593\u2593\u2593 (3 pulses)"
    },
    {
      "frame_id": 8,
      "timestamp_ms": 4000,
      "raw_probs": [
        0.0,
        0.99609375,
        0.0,
        0.0,
        0.0,
        0.0
      ],
      "smoothed_probs": [
        0.0,
        0.99609375,
        0.0,
        0.0,
        0.0,
        0.0
      ],
      "predicted_class": "baby_cry",
      "confidence": 0.99609375,
      "threshold": 0.8,
      "alert_triggered": true,
      "latency_host_ms": 1.89,
      "latency_esp32_est_ms": 15.12,
      "led_state": "\u001b[93m\u2588\u2588\u2588\u2588\u2588 ORANGE",
      "vibro_state": "\u2593\u2593\u2593 (3 pulses)"
    },
    {
      "frame_id": 9,
      "timestamp_ms": 4500,
      "raw_probs": [
        0.0,
        0.99609375,
        0.0,
        0.0,
        0.0,
        0.0
      ],
      "smoothed_probs": [
        0.0,
        0.99609375,
        0.0,
        0.0,
        0.0,
        0.0
      ],
      "predicted_class": "baby_cry",
      "confidence": 0.99609375,
      "threshold": 0.8,
      "alert_triggered": true,
      "latency_host_ms": 1.74,
      "latency_esp32_est_ms": 13.88,
      "led_state": "\u001b[93m\u2588\u2588\u2588\u2588\u2588 ORANGE",
      "vibro_state": "\u2593\u2593\u2593 (3 pulses)"
    },
    {
      "frame_id": 10,
      "timestamp_ms": 5000,
      "raw_probs": [
        0.0,
        0.99609375,
        0.0,
        0.0,
        0.0,
        0.0
      ],
      "smoothed_probs": [
        0.0,
        0.99609375,
        0.0,
        0.0,
        0.0,
        0.0
      ],
      "predicted_class": "baby_cry",
      "confidence": 0.99609375,
      "threshold": 0.8,
      "alert_triggered": true,
      "latency_host_ms": 3.49,
      "latency_esp32_est_ms": 27.89,
      "led_state": "\u001b[93m\u2588\u2588\u2588\u2588\u2588 ORANGE",
      "vibro_state": "\u2593\u2593\u2593 (3 pulses)"
    },
    {
      "frame_id": 11,
      "timestamp_ms": 5500,
      "raw_probs": [
        0.0,
        0.99609375,
        0.0,
        0.0,
        0.0,
        0.0
      ],
      "smoothed_probs": [
        0.0,
        0.99609375,
        0.0,
        0.0,
        0.0,
        0.0
      ],
      "predicted_class": "baby_cry",
      "confidence": 0.99609375,
      "threshold": 0.8,
      "alert_triggered": true,
      "latency_host_ms": 1.97,
      "latency_esp32_est_ms": 15.79,
      "led_state": "\u001b[93m\u2588\u2588\u2588\u2588\u2588 ORANGE",
      "vibro_state": "\u2593\u2593\u2593 (3 pulses)"
    },
    {
      "frame_id": 12,
      "timestamp_ms": 6000,
      "raw_probs": [
        0.0,
        0.99609375,
        0.0,
        0.0,
        0.0,
        0.0
      ],
      "smoothed_probs": [
        0.0,
        0.99609375,
        0.0,
        0.0,
        0.0,
        0.0
      ],